category,age,year,division,population
totals,18-24,2013,east_central,40
totals,18-24,2013,pacific,87
totals,18-24,2013,south,134
totals,18-24,2013,south_east,50
totals,18-24,2013,south_west,84
totals,18-24,2013,west_central,62
totals,18-24,2014,north_east,79
totals,25-34,2013,east_central,73
totals,25-34,2013,pacific,121
totals,25-34,2013,south,240
totals,25-34,2013,south_east,91
totals,25-34,2013,south_west,149
totals,25-34,2013,west_central,101
totals,25-34,2014,north_east,122
totals,35-44,2013,east_central,66
totals,35-44,2013,pacific,146
totals,35-44,2013,south,259
totals,35-44,2013,south_east,115
totals,35-44,2013,south_west,144
totals,35-44,2013,west_central,93
totals,35-44,2014,north_east,124
totals,45-54,2013,east_central,101
totals,45-54,2013,pacific,171
totals,45-54,2013,south,242
totals,45-54,2013,south_east,130
totals,45-54,2013,south_west,112
totals,45-54,2013,west_central,95
totals,45-54,2014,north_east,159
totals,55+,2013,east_central,127
totals,55+,2013,pacific,176
totals,55+,2013,south,285
totals,55+,2013,south_east,140
totals,55+,2013,south_west,145
totals,55+,2013,west_central,141
totals,55+,2014,north_east,222
video_game,18-24,2013,east_central,24
video_game,18-24,2013,pacific,42
video_game,18-24,2013,south,69
video_game,18-24,2013,south_east,31
video_game,18-24,2013,south_west,38
video_game,18-24,2013,west_central,32
video_game,18-24,2014,north_east,34
video_game,25-34,2013,east_central,46
video_game,25-34,2013,pacific,61
video_game,25-34,2013,south,121
video_game,25-34,2013,south_east,42
video_game,25-34,2013,south_west,79
video_game,25-34,2013,west_central,57
video_game,25-34,2014,north_east,56
video_game,35-44,2013,east_central,35
video_game,35-44,2013,pacific,62
video_game,35-44,2013,south,130
video_game,35-44,2013,south_east,59
video_game,35-44,2013,south_west,71
video_game,35-44,2013,west_central,48
video_game,35-44,2014,north_east,68
video_game,45-54,2013,east_central,31
video_game,45-54,2013,pacific,55
video_game,45-54,2013,south,61
video_game,45-54,2013,south_east,35
video_game,45-54,2013,south_west,26
video_game,45-54,2013,west_central,30
video_game,45-54,2014,north_east,52
video_game,55+,2013,east_central,32
video_game,55+,2013,pacific,31
video_game,55+,2013,south,50
video_game,55+,2013,south_east,24
video_game,55+,2013,south_west,26
video_game,55+,2013,west_central,13
video_game,55+,2014,north_east,45
digital_music,18-24,2014,north_east,79
tv,18-24,2013,east_central,30
tv,18-24,2013,pacific,73
tv,18-24,2013,south,100
tv,18-24,2013,south_east,33
tv,18-24,2013,south_west,67
tv,18-24,2013,west_central,51
digital_music,25-34,2014,north_east,122
tv,25-34,2013,east_central,65
tv,25-34,2013,pacific,101
tv,25-34,2013,south,205
tv,25-34,2013,south_east,77
tv,25-34,2013,south_west,128
tv,25-34,2013,west_central,91
digital_music,35-44,2014,north_east,124
tv,35-44,2013,east_central,62
tv,35-44,2013,pacific,128
tv,35-44,2013,south,238
tv,35-44,2013,south_east,104
tv,35-44,2013,south_west,134
tv,35-44,2013,west_central,82
digital_music,45-54,2014,north_east,159
tv,45-54,2013,east_central,96
tv,45-54,2013,pacific,156
tv,45-54,2013,south,223
tv,45-54,2013,south_east,122
tv,45-54,2013,south_west,101
tv,45-54,2013,west_central,85
digital_music,55+,2014,north_east,222
tv,55+,2013,east_central,120
tv,55+,2013,pacific,170
tv,55+,2013,south,260
tv,55+,2013,south_east,127
tv,55+,2013,south_west,133
tv,55+,2013,west_central,132
radio,18-24,2013,east_central,31
radio,18-24,2013,pacific,65
radio,18-24,2013,south,104
radio,18-24,2013,south_east,33
radio,18-24,2013,south_west,71
radio,18-24,2013,west_central,43
tv,18-24,2014,north_east,67
radio,25-34,2013,east_central,61
radio,25-34,2013,pacific,102
radio,25-34,2013,south,192
radio,25-34,2013,south_east,70
radio,25-34,2013,south_west,122
radio,25-34,2013,west_central,88
tv,25-34,2014,north_east,103
radio,35-44,2013,east_central,56
radio,35-44,2013,pacific,123
radio,35-44,2013,south,219
radio,35-44,2013,south_east,93
radio,35-44,2013,south_west,126
radio,35-44,2013,west_central,80
tv,35-44,2014,north_east,115
radio,45-54,2013,east_central,81
radio,45-54,2013,pacific,137
radio,45-54,2013,south,187
radio,45-54,2013,south_east,102
radio,45-54,2013,south_west,85
radio,45-54,2013,west_central,78
tv,45-54,2014,north_east,152
radio,55+,2013,east_central,98
radio,55+,2013,pacific,116
radio,55+,2013,south,214
radio,55+,2013,south_east,105
radio,55+,2013,south_west,109
radio,55+,2013,west_central,99
tv,55+,2014,north_east,209
magazine,18-24,2013,east_central,40
magazine,18-24,2013,pacific,83
magazine,18-24,2013,south,131
magazine,18-24,2013,south_east,47
magazine,18-24,2013,south_west,84
magazine,18-24,2013,west_central,62
radio,18-24,2014,north_east,60
magazine,25-34,2013,east_central,72
magazine,25-34,2013,pacific,118
magazine,25-34,2013,south,230
magazine,25-34,2013,south_east,85
magazine,25-34,2013,south_west,145
magazine,25-34,2013,west_central,100
radio,25-34,2014,north_east,96
magazine,35-44,2013,east_central,64
magazine,35-44,2013,pacific,142
magazine,35-44,2013,south,253
magazine,35-44,2013,south_east,114
magazine,35-44,2013,south_west,139
magazine,35-44,2013,west_central,91
radio,35-44,2014,north_east,98
magazine,45-54,2013,east_central,96
magazine,45-54,2013,pacific,169
magazine,45-54,2013,south,229
magazine,45-54,2013,south_east,121
magazine,45-54,2013,south_west,108
magazine,45-54,2013,west_central,91
radio,45-54,2014,north_east,131
magazine,55+,2013,east_central,124
magazine,55+,2013,pacific,169
magazine,55+,2013,south,277
magazine,55+,2013,south_east,138
magazine,55+,2013,south_west,139
magazine,55+,2013,west_central,134
radio,55+,2014,north_east,169
magazine,18-24,2014,north_east,66
movie_goers,18-24,2013,east_central,40
movie_goers,18-24,2013,pacific,87
movie_goers,18-24,2013,south,134
movie_goers,18-24,2013,south_east,50
movie_goers,18-24,2013,south_west,84
movie_goers,18-24,2013,west_central,62
magazine,25-34,2014,north_east,111
movie_goers,25-34,2013,east_central,73
movie_goers,25-34,2013,pacific,121
movie_goers,25-34,2013,south,240
movie_goers,25-34,2013,south_east,91
movie_goers,25-34,2013,south_west,149
movie_goers,25-34,2013,west_central,101
magazine,35-44,2014,north_east,106
movie_goers,35-44,2013,east_central,66
movie_goers,35-44,2013,pacific,146
movie_goers,35-44,2013,south,259
movie_goers,35-44,2013,south_east,115
movie_goers,35-44,2013,south_west,144
movie_goers,35-44,2013,west_central,93
magazine,45-54,2014,north_east,148
movie_goers,45-54,2013,east_central,101
movie_goers,45-54,2013,pacific,171
movie_goers,45-54,2013,south,242
movie_goers,45-54,2013,south_east,130
movie_goers,45-54,2013,south_west,112
movie_goers,45-54,2013,west_central,95
magazine,55+,2014,north_east,215
movie_goers,55+,2013,east_central,127
movie_goers,55+,2013,pacific,176
movie_goers,55+,2013,south,285
movie_goers,55+,2013,south_east,140
movie_goers,55+,2013,south_west,145
movie_goers,55+,2013,west_central,141
movie_goers,18-24,2014,north_east,79
supermarket_goer_last_4_weeks,18-24,2013,east_central,39
supermarket_goer_last_4_weeks,18-24,2013,pacific,86
supermarket_goer_last_4_weeks,18-24,2013,south,133
supermarket_goer_last_4_weeks,18-24,2013,south_east,49
supermarket_goer_last_4_weeks,18-24,2013,south_west,84
supermarket_goer_last_4_weeks,18-24,2013,west_central,62
movie_goers,25-34,2014,north_east,122
supermarket_goer_last_4_weeks,25-34,2013,east_central,73
supermarket_goer_last_4_weeks,25-34,2013,pacific,121
supermarket_goer_last_4_weeks,25-34,2013,south,238
supermarket_goer_last_4_weeks,25-34,2013,south_east,91
supermarket_goer_last_4_weeks,25-34,2013,south_west,147
supermarket_goer_last_4_weeks,25-34,2013,west_central,101
movie_goers,35-44,2014,north_east,124
supermarket_goer_last_4_weeks,35-44,2013,east_central,64
supermarket_goer_last_4_weeks,35-44,2013,pacific,144
supermarket_goer_last_4_weeks,35-44,2013,south,257
supermarket_goer_last_4_weeks,35-44,2013,south_east,114
supermarket_goer_last_4_weeks,35-44,2013,south_west,143
supermarket_goer_last_4_weeks,35-44,2013,west_central,93
movie_goers,45-54,2014,north_east,159
supermarket_goer_last_4_weeks,45-54,2013,east_central,99
supermarket_goer_last_4_weeks,45-54,2013,pacific,170
supermarket_goer_last_4_weeks,45-54,2013,south,241
supermarket_goer_last_4_weeks,45-54,2013,south_east,130
supermarket_goer_last_4_weeks,45-54,2013,south_west,111
supermarket_goer_last_4_weeks,45-54,2013,west_central,95
movie_goers,55+,2014,north_east,222
supermarket_goer_last_4_weeks,55+,2013,east_central,126
supermarket_goer_last_4_weeks,55+,2013,pacific,172
supermarket_goer_last_4_weeks,55+,2013,south,283
supermarket_goer_last_4_weeks,55+,2013,south_east,139
supermarket_goer_last_4_weeks,55+,2013,south_west,144
supermarket_goer_last_4_weeks,55+,2013,west_central,138
supermarket_goer_last_4_weeks,18-24,2014,north_east,79
tablet_owner,18-24,2013,east_central,10
tablet_owner,18-24,2013,pacific,30
tablet_owner,18-24,2013,south,38
tablet_owner,18-24,2013,south_east,19
tablet_owner,18-24,2013,south_west,19
tablet_owner,18-24,2013,west_central,22
supermarket_goer_last_4_weeks,25-34,2014,north_east,122
tablet_owner,25-34,2013,east_central,25
tablet_owner,25-34,2013,pacific,48
tablet_owner,25-34,2013,south,94
tablet_owner,25-34,2013,south_east,34
tablet_owner,25-34,2013,south_west,60
tablet_owner,25-34,2013,west_central,44
supermarket_goer_last_4_weeks,35-44,2014,north_east,123
tablet_owner,35-44,2013,east_central,23
tablet_owner,35-44,2013,pacific,65
tablet_owner,35-44,2013,south,106
tablet_owner,35-44,2013,south_east,50
tablet_owner,35-44,2013,south_west,56
tablet_owner,35-44,2013,west_central,40
supermarket_goer_last_4_weeks,45-54,2014,north_east,156
tablet_owner,45-54,2013,east_central,36
tablet_owner,45-54,2013,pacific,65
tablet_owner,45-54,2013,south,83
tablet_owner,45-54,2013,south_east,51
tablet_owner,45-54,2013,south_west,32
tablet_owner,45-54,2013,west_central,37
supermarket_goer_last_4_weeks,55+,2014,north_east,221
tablet_owner,55+,2013,east_central,31
tablet_owner,55+,2013,pacific,49
tablet_owner,55+,2013,south,90
tablet_owner,55+,2013,south_east,48
tablet_owner,55+,2013,south_west,42
tablet_owner,55+,2013,west_central,28
all_live_theater/concerts/dance-attended_last_12_months,18-24,2013,east_central,26
all_live_theater/concerts/dance-attended_last_12_months,18-24,2013,pacific,50
all_live_theater/concerts/dance-attended_last_12_months,18-24,2013,south,70
all_live_theater/concerts/dance-attended_last_12_months,18-24,2013,south_east,31
all_live_theater/concerts/dance-attended_last_12_months,18-24,2013,south_west,39
all_live_theater/concerts/dance-attended_last_12_months,18-24,2013,west_central,41
tablet_owner,18-24,2014,north_east,30
all_live_theater/concerts/dance-attended_last_12_months,25-34,2013,east_central,40
all_live_theater/concerts/dance-attended_last_12_months,25-34,2013,pacific,68
all_live_theater/concerts/dance-attended_last_12_months,25-34,2013,south,110
all_live_theater/concerts/dance-attended_last_12_months,25-34,2013,south_east,46
all_live_theater/concerts/dance-attended_last_12_months,25-34,2013,south_west,64
all_live_theater/concerts/dance-attended_last_12_months,25-34,2013,west_central,58
tablet_owner,25-34,2014,north_east,69
all_live_theater/concerts/dance-attended_last_12_months,35-44,2013,east_central,34
all_live_theater/concerts/dance-attended_last_12_months,35-44,2013,pacific,84
all_live_theater/concerts/dance-attended_last_12_months,35-44,2013,south,135
all_live_theater/concerts/dance-attended_last_12_months,35-44,2013,south_east,67
all_live_theater/concerts/dance-attended_last_12_months,35-44,2013,south_west,68
all_live_theater/concerts/dance-attended_last_12_months,35-44,2013,west_central,54
tablet_owner,35-44,2014,north_east,69
all_live_theater/concerts/dance-attended_last_12_months,45-54,2013,east_central,65
all_live_theater/concerts/dance-attended_last_12_months,45-54,2013,pacific,98
all_live_theater/concerts/dance-attended_last_12_months,45-54,2013,south,124
all_live_theater/concerts/dance-attended_last_12_months,45-54,2013,south_east,70
all_live_theater/concerts/dance-attended_last_12_months,45-54,2013,south_west,54
all_live_theater/concerts/dance-attended_last_12_months,45-54,2013,west_central,51
tablet_owner,45-54,2014,north_east,75
all_live_theater/concerts/dance-attended_last_12_months,55+,2013,east_central,68
all_live_theater/concerts/dance-attended_last_12_months,55+,2013,pacific,81
all_live_theater/concerts/dance-attended_last_12_months,55+,2013,south,121
all_live_theater/concerts/dance-attended_last_12_months,55+,2013,south_east,62
all_live_theater/concerts/dance-attended_last_12_months,55+,2013,south_west,59
all_live_theater/concerts/dance-attended_last_12_months,55+,2013,west_central,71
tablet_owner,55+,2014,north_east,87
all_live_theater/concerts/dance-attended_last_12_months,18-24,2014,north_east,54
social_media_[social_media_user],18-24,2013,east_central,38
social_media_[social_media_user],18-24,2013,pacific,84
social_media_[social_media_user],18-24,2013,south,129
social_media_[social_media_user],18-24,2013,south_east,48
social_media_[social_media_user],18-24,2013,south_west,81
social_media_[social_media_user],18-24,2013,west_central,60
all_live_theater/concerts/dance-attended_last_12_months,25-34,2014,north_east,78
social_media_[social_media_user],25-34,2013,east_central,70
social_media_[social_media_user],25-34,2013,pacific,116
social_media_[social_media_user],25-34,2013,south,227
social_media_[social_media_user],25-34,2013,south_east,91
social_media_[social_media_user],25-34,2013,south_west,136
social_media_[social_media_user],25-34,2013,west_central,100
all_live_theater/concerts/dance-attended_last_12_months,35-44,2014,north_east,81
social_media_[social_media_user],35-44,2013,east_central,60
social_media_[social_media_user],35-44,2013,pacific,138
social_media_[social_media_user],35-44,2013,south,233
social_media_[social_media_user],35-44,2013,south_east,102
social_media_[social_media_user],35-44,2013,south_west,131
social_media_[social_media_user],35-44,2013,west_central,90
all_live_theater/concerts/dance-attended_last_12_months,45-54,2014,north_east,93
social_media_[social_media_user],45-54,2013,east_central,84
social_media_[social_media_user],45-54,2013,pacific,145
social_media_[social_media_user],45-54,2013,south,209
social_media_[social_media_user],45-54,2013,south_east,112
social_media_[social_media_user],45-54,2013,south_west,97
social_media_[social_media_user],45-54,2013,west_central,72
all_live_theater/concerts/dance-attended_last_12_months,55+,2014,north_east,137
social_media_[social_media_user],55+,2013,east_central,94
social_media_[social_media_user],55+,2013,pacific,114
social_media_[social_media_user],55+,2013,south,203
social_media_[social_media_user],55+,2013,south_east,102
social_media_[social_media_user],55+,2013,south_west,101
social_media_[social_media_user],55+,2013,west_central,93
social_media_[social_media_user],18-24,2014,north_east,78
totals,18-24,2014,east_central,49
totals,18-24,2014,pacific,83
totals,18-24,2014,south,175
totals,18-24,2014,south_east,64
totals,18-24,2014,south_west,111
totals,18-24,2014,west_central,68
social_media_[social_media_user],25-34,2014,north_east,117
totals,25-34,2014,east_central,90
totals,25-34,2014,pacific,137
totals,25-34,2014,south,290
totals,25-34,2014,south_east,97
totals,25-34,2014,south_west,193
totals,25-34,2014,west_central,111
social_media_[social_media_user],35-44,2014,north_east,122
totals,35-44,2014,east_central,105
totals,35-44,2014,pacific,153
totals,35-44,2014,south,322
totals,35-44,2014,south_east,120
totals,35-44,2014,south_west,202
totals,35-44,2014,west_central,109
social_media_[social_media_user],45-54,2014,north_east,132
totals,45-54,2014,east_central,95
totals,45-54,2014,pacific,144
totals,45-54,2014,south,303
totals,45-54,2014,south_east,133
totals,45-54,2014,south_west,170
totals,45-54,2014,west_central,131
social_media_[social_media_user],55+,2014,north_east,160
totals,55+,2014,east_central,112
totals,55+,2014,pacific,173
totals,55+,2014,south,330
totals,55+,2014,south_east,146
totals,55+,2014,south_west,340
totals,55+,2014,west_central,164
totals,18-24,2015,north_east,60
video_game,18-24,2014,east_central,26
video_game,18-24,2014,pacific,37
video_game,18-24,2014,south,92
video_game,18-24,2014,south_east,33
video_game,18-24,2014,south_west,59
video_game,18-24,2014,west_central,24
totals,25-34,2015,north_east,110
video_game,25-34,2014,east_central,53
video_game,25-34,2014,pacific,61
video_game,25-34,2014,south,142
video_game,25-34,2014,south_east,47
video_game,25-34,2014,south_west,95
video_game,25-34,2014,west_central,67
totals,35-44,2015,north_east,122
video_game,35-44,2014,east_central,58
video_game,35-44,2014,pacific,77
video_game,35-44,2014,south,133
video_game,35-44,2014,south_east,49
video_game,35-44,2014,south_west,84
video_game,35-44,2014,west_central,56
totals,45-54,2015,north_east,150
video_game,45-54,2014,east_central,33
video_game,45-54,2014,pacific,51
video_game,45-54,2014,south,86
video_game,45-54,2014,south_east,44
video_game,45-54,2014,south_west,42
video_game,45-54,2014,west_central,47
totals,55+,2015,north_east,196
video_game,55+,2014,east_central,16
video_game,55+,2014,pacific,40
video_game,55+,2014,south,65
video_game,55+,2014,south_east,33
video_game,55+,2014,south_west,64
video_game,55+,2014,west_central,37
digital_music,18-24,2014,east_central,49
digital_music,18-24,2014,pacific,83
digital_music,18-24,2014,south,175
digital_music,18-24,2014,south_east,64
digital_music,18-24,2014,south_west,111
digital_music,18-24,2014,west_central,68
video_game,18-24,2015,north_east,22
digital_music,25-34,2014,east_central,90
digital_music,25-34,2014,pacific,137
digital_music,25-34,2014,south,290
digital_music,25-34,2014,south_east,97
digital_music,25-34,2014,south_west,193
digital_music,25-34,2014,west_central,111
video_game,25-34,2015,north_east,50
digital_music,35-44,2014,east_central,105
digital_music,35-44,2014,pacific,153
digital_music,35-44,2014,south,322
digital_music,35-44,2014,south_east,120
digital_music,35-44,2014,south_west,202
digital_music,35-44,2014,west_central,109
video_game,35-44,2015,north_east,56
digital_music,45-54,2014,east_central,95
digital_music,45-54,2014,pacific,144
digital_music,45-54,2014,south,303
digital_music,45-54,2014,south_east,133
digital_music,45-54,2014,south_west,170
digital_music,45-54,2014,west_central,131
video_game,45-54,2015,north_east,51
digital_music,55+,2014,east_central,112
digital_music,55+,2014,pacific,173
digital_music,55+,2014,south,330
digital_music,55+,2014,south_east,146
digital_music,55+,2014,south_west,340
digital_music,55+,2014,west_central,164
video_game,55+,2015,north_east,36
streaming_video,18-24,2015,north_east,45
tv,18-24,2014,east_central,40
tv,18-24,2014,pacific,63
tv,18-24,2014,south,131
tv,18-24,2014,south_east,48
tv,18-24,2014,south_west,83
tv,18-24,2014,west_central,54
streaming_video,25-34,2015,north_east,90
tv,25-34,2014,east_central,76
tv,25-34,2014,pacific,105
tv,25-34,2014,south,246
tv,25-34,2014,south_east,84
tv,25-34,2014,south_west,162
tv,25-34,2014,west_central,96
streaming_video,35-44,2015,north_east,102
tv,35-44,2014,east_central,91
tv,35-44,2014,pacific,135
tv,35-44,2014,south,290
tv,35-44,2014,south_east,105
tv,35-44,2014,south_west,185
tv,35-44,2014,west_central,98
streaming_video,45-54,2015,north_east,119
tv,45-54,2014,east_central,91
tv,45-54,2014,pacific,134
tv,45-54,2014,south,281
tv,45-54,2014,south_east,122
tv,45-54,2014,south_west,159
tv,45-54,2014,west_central,122
streaming_video,55+,2015,north_east,127
tv,55+,2014,east_central,101
tv,55+,2014,pacific,155
tv,55+,2014,south,315
tv,55+,2014,south_east,138
tv,55+,2014,south_west,327
tv,55+,2014,west_central,152
digital_music,18-24,2015,north_east,46
radio,18-24,2014,east_central,40
radio,18-24,2014,pacific,64
radio,18-24,2014,south,131
radio,18-24,2014,south_east,48
radio,18-24,2014,south_west,83
radio,18-24,2014,west_central,53
digital_music,25-34,2015,north_east,80
radio,25-34,2014,east_central,77
radio,25-34,2014,pacific,107
radio,25-34,2014,south,243
radio,25-34,2014,south_east,77
radio,25-34,2014,south_west,166
radio,25-34,2014,west_central,85
digital_music,35-44,2015,north_east,70
radio,35-44,2014,east_central,91
radio,35-44,2014,pacific,128
radio,35-44,2014,south,264
radio,35-44,2014,south_east,96
radio,35-44,2014,south_west,168
radio,35-44,2014,west_central,95
digital_music,45-54,2015,north_east,71
radio,45-54,2014,east_central,76
radio,45-54,2014,pacific,118
radio,45-54,2014,south,247
radio,45-54,2014,south_east,104
radio,45-54,2014,south_west,143
radio,45-54,2014,west_central,110
digital_music,55+,2015,north_east,41
radio,55+,2014,east_central,81
radio,55+,2014,pacific,125
radio,55+,2014,south,229
radio,55+,2014,south_east,95
radio,55+,2014,south_west,247
radio,55+,2014,west_central,125
magazine,18-24,2014,east_central,39
magazine,18-24,2014,pacific,72
magazine,18-24,2014,south,142
magazine,18-24,2014,south_east,54
magazine,18-24,2014,south_west,88
magazine,18-24,2014,west_central,58
tv,18-24,2015,north_east,42
magazine,25-34,2014,east_central,74
magazine,25-34,2014,pacific,123
magazine,25-34,2014,south,249
magazine,25-34,2014,south_east,85
magazine,25-34,2014,south_west,164
magazine,25-34,2014,west_central,94
tv,25-34,2015,north_east,82
magazine,35-44,2014,east_central,95
magazine,35-44,2014,pacific,137
magazine,35-44,2014,south,276
magazine,35-44,2014,south_east,102
magazine,35-44,2014,south_west,174
magazine,35-44,2014,west_central,99
tv,35-44,2015,north_east,111
magazine,45-54,2014,east_central,87
magazine,45-54,2014,pacific,135
magazine,45-54,2014,south,265
magazine,45-54,2014,south_east,113
magazine,45-54,2014,south_west,152
magazine,45-54,2014,west_central,123
tv,45-54,2015,north_east,143
magazine,55+,2014,east_central,107
magazine,55+,2014,pacific,162
magazine,55+,2014,south,306
magazine,55+,2014,south_east,135
magazine,55+,2014,south_west,307
magazine,55+,2014,west_central,160
tv,55+,2015,north_east,189
movie_goers,18-24,2014,east_central,49
movie_goers,18-24,2014,pacific,83
movie_goers,18-24,2014,south,175
movie_goers,18-24,2014,south_east,64
movie_goers,18-24,2014,south_west,111
movie_goers,18-24,2014,west_central,68
radio,18-24,2015,north_east,48
movie_goers,25-34,2014,east_central,90
movie_goers,25-34,2014,pacific,137
movie_goers,25-34,2014,south,290
movie_goers,25-34,2014,south_east,97
movie_goers,25-34,2014,south_west,193
movie_goers,25-34,2014,west_central,111
radio,25-34,2015,north_east,84
movie_goers,35-44,2014,east_central,105
movie_goers,35-44,2014,pacific,153
movie_goers,35-44,2014,south,322
movie_goers,35-44,2014,south_east,120
movie_goers,35-44,2014,south_west,202
movie_goers,35-44,2014,west_central,109
radio,35-44,2015,north_east,103
movie_goers,45-54,2014,east_central,95
movie_goers,45-54,2014,pacific,144
movie_goers,45-54,2014,south,303
movie_goers,45-54,2014,south_east,133
movie_goers,45-54,2014,south_west,170
movie_goers,45-54,2014,west_central,131
radio,45-54,2015,north_east,144
movie_goers,55+,2014,east_central,112
movie_goers,55+,2014,pacific,173
movie_goers,55+,2014,south,330
movie_goers,55+,2014,south_east,146
movie_goers,55+,2014,south_west,340
movie_goers,55+,2014,west_central,164
radio,55+,2015,north_east,182
magazine,18-24,2015,north_east,60
supermarket_goer_last_4_weeks,18-24,2014,east_central,49
supermarket_goer_last_4_weeks,18-24,2014,pacific,83
supermarket_goer_last_4_weeks,18-24,2014,south,173
supermarket_goer_last_4_weeks,18-24,2014,south_east,64
supermarket_goer_last_4_weeks,18-24,2014,south_west,109
supermarket_goer_last_4_weeks,18-24,2014,west_central,65
magazine,25-34,2015,north_east,110
supermarket_goer_last_4_weeks,25-34,2014,east_central,90
supermarket_goer_last_4_weeks,25-34,2014,pacific,137
supermarket_goer_last_4_weeks,25-34,2014,south,288
supermarket_goer_last_4_weeks,25-34,2014,south_east,97
supermarket_goer_last_4_weeks,25-34,2014,south_west,191
supermarket_goer_last_4_weeks,25-34,2014,west_central,110
magazine,35-44,2015,north_east,122
supermarket_goer_last_4_weeks,35-44,2014,east_central,105
supermarket_goer_last_4_weeks,35-44,2014,pacific,151
supermarket_goer_last_4_weeks,35-44,2014,south,317
supermarket_goer_last_4_weeks,35-44,2014,south_east,120
supermarket_goer_last_4_weeks,35-44,2014,south_west,197
supermarket_goer_last_4_weeks,35-44,2014,west_central,107
magazine,45-54,2015,north_east,150
supermarket_goer_last_4_weeks,45-54,2014,east_central,94
supermarket_goer_last_4_weeks,45-54,2014,pacific,144
supermarket_goer_last_4_weeks,45-54,2014,south,301
supermarket_goer_last_4_weeks,45-54,2014,south_east,132
supermarket_goer_last_4_weeks,45-54,2014,south_west,169
supermarket_goer_last_4_weeks,45-54,2014,west_central,131
magazine,55+,2015,north_east,196
supermarket_goer_last_4_weeks,55+,2014,east_central,111
supermarket_goer_last_4_weeks,55+,2014,pacific,171
supermarket_goer_last_4_weeks,55+,2014,south,329
supermarket_goer_last_4_weeks,55+,2014,south_east,145
supermarket_goer_last_4_weeks,55+,2014,south_west,337
supermarket_goer_last_4_weeks,55+,2014,west_central,161
movie_goers,18-24,2015,north_east,58
tablet_owner,18-24,2014,east_central,17
tablet_owner,18-24,2014,pacific,31
tablet_owner,18-24,2014,south,64
tablet_owner,18-24,2014,south_east,22
tablet_owner,18-24,2014,south_west,42
tablet_owner,18-24,2014,west_central,24
movie_goers,25-34,2015,north_east,109
tablet_owner,25-34,2014,east_central,50
tablet_owner,25-34,2014,pacific,72
tablet_owner,25-34,2014,south,144
tablet_owner,25-34,2014,south_east,50
tablet_owner,25-34,2014,south_west,94
tablet_owner,25-34,2014,west_central,55
movie_goers,35-44,2015,north_east,122
tablet_owner,35-44,2014,east_central,57
tablet_owner,35-44,2014,pacific,95
tablet_owner,35-44,2014,south,159
tablet_owner,35-44,2014,south_east,61
tablet_owner,35-44,2014,south_west,98
tablet_owner,35-44,2014,west_central,60
movie_goers,45-54,2015,north_east,149
tablet_owner,45-54,2014,east_central,38
tablet_owner,45-54,2014,pacific,60
tablet_owner,45-54,2014,south,157
tablet_owner,45-54,2014,south_east,71
tablet_owner,45-54,2014,south_west,86
tablet_owner,45-54,2014,west_central,49
movie_goers,55+,2015,north_east,195
tablet_owner,55+,2014,east_central,34
tablet_owner,55+,2014,pacific,64
tablet_owner,55+,2014,south,111
tablet_owner,55+,2014,south_east,52
tablet_owner,55+,2014,south_west,99
tablet_owner,55+,2014,west_central,69
all_live_theater/concerts/dance-attended_last_12_months,18-24,2014,east_central,23
all_live_theater/concerts/dance-attended_last_12_months,18-24,2014,pacific,51
all_live_theater/concerts/dance-attended_last_12_months,18-24,2014,south,92
all_live_theater/concerts/dance-attended_last_12_months,18-24,2014,south_east,36
all_live_theater/concerts/dance-attended_last_12_months,18-24,2014,south_west,56
all_live_theater/concerts/dance-attended_last_12_months,18-24,2014,west_central,49
supermarket_goer_last_4_weeks,18-24,2015,north_east,28
all_live_theater/concerts/dance-attended_last_12_months,25-34,2014,east_central,42
all_live_theater/concerts/dance-attended_last_12_months,25-34,2014,pacific,82
all_live_theater/concerts/dance-attended_last_12_months,25-34,2014,south,158
all_live_theater/concerts/dance-attended_last_12_months,25-34,2014,south_east,52
all_live_theater/concerts/dance-attended_last_12_months,25-34,2014,south_west,106
all_live_theater/concerts/dance-attended_last_12_months,25-34,2014,west_central,59
supermarket_goer_last_4_weeks,25-34,2015,north_east,53
all_live_theater/concerts/dance-attended_last_12_months,35-44,2014,east_central,65
all_live_theater/concerts/dance-attended_last_12_months,35-44,2014,pacific,88
all_live_theater/concerts/dance-attended_last_12_months,35-44,2014,south,164
all_live_theater/concerts/dance-attended_last_12_months,35-44,2014,south_east,62
all_live_theater/concerts/dance-attended_last_12_months,35-44,2014,south_west,102
all_live_theater/concerts/dance-attended_last_12_months,35-44,2014,west_central,68
supermarket_goer_last_4_weeks,35-44,2015,north_east,77
all_live_theater/concerts/dance-attended_last_12_months,45-54,2014,east_central,51
all_live_theater/concerts/dance-attended_last_12_months,45-54,2014,pacific,78
all_live_theater/concerts/dance-attended_last_12_months,45-54,2014,south,168
all_live_theater/concerts/dance-attended_last_12_months,45-54,2014,south_east,71
all_live_theater/concerts/dance-attended_last_12_months,45-54,2014,south_west,97
all_live_theater/concerts/dance-attended_last_12_months,45-54,2014,west_central,73
supermarket_goer_last_4_weeks,45-54,2015,north_east,84
all_live_theater/concerts/dance-attended_last_12_months,55+,2014,east_central,59
all_live_theater/concerts/dance-attended_last_12_months,55+,2014,pacific,90
all_live_theater/concerts/dance-attended_last_12_months,55+,2014,south,162
all_live_theater/concerts/dance-attended_last_12_months,55+,2014,south_east,73
all_live_theater/concerts/dance-attended_last_12_months,55+,2014,south_west,148
all_live_theater/concerts/dance-attended_last_12_months,55+,2014,west_central,84
supermarket_goer_last_4_weeks,55+,2015,north_east,81
social_media_[social_media_user],18-24,2014,east_central,48
social_media_[social_media_user],18-24,2014,pacific,83
social_media_[social_media_user],18-24,2014,south,171
social_media_[social_media_user],18-24,2014,south_east,61
social_media_[social_media_user],18-24,2014,south_west,110
social_media_[social_media_user],18-24,2014,west_central,67
tablet_owner,18-24,2015,north_east,38
social_media_[social_media_user],25-34,2014,east_central,88
social_media_[social_media_user],25-34,2014,pacific,134
social_media_[social_media_user],25-34,2014,south,281
social_media_[social_media_user],25-34,2014,south_east,94
social_media_[social_media_user],25-34,2014,south_west,187
social_media_[social_media_user],25-34,2014,west_central,105
tablet_owner,25-34,2015,north_east,85
social_media_[social_media_user],35-44,2014,east_central,97
social_media_[social_media_user],35-44,2014,pacific,142
social_media_[social_media_user],35-44,2014,south,299
social_media_[social_media_user],35-44,2014,south_east,116
social_media_[social_media_user],35-44,2014,south_west,183
social_media_[social_media_user],35-44,2014,west_central,101
tablet_owner,35-44,2015,north_east,89
social_media_[social_media_user],45-54,2014,east_central,84
social_media_[social_media_user],45-54,2014,pacific,123
social_media_[social_media_user],45-54,2014,south,274
social_media_[social_media_user],45-54,2014,south_east,121
social_media_[social_media_user],45-54,2014,south_west,153
social_media_[social_media_user],45-54,2014,west_central,113
tablet_owner,45-54,2015,north_east,104
social_media_[social_media_user],55+,2014,east_central,75
social_media_[social_media_user],55+,2014,pacific,128
social_media_[social_media_user],55+,2014,south,224
social_media_[social_media_user],55+,2014,south_east,105
social_media_[social_media_user],55+,2014,south_west,222
social_media_[social_media_user],55+,2014,west_central,118
tablet_owner,55+,2015,north_east,118
all_live_theater/concerts/dance-attended_last_12_months,18-24,2015,north_east,60
totals,18-24,2015,east_central,42
totals,18-24,2015,pacific,85
totals,18-24,2015,south,135
totals,18-24,2015,south_east,35
totals,18-24,2015,south_west,100
totals,18-24,2015,west_central,52
all_live_theater/concerts/dance-attended_last_12_months,25-34,2015,north_east,109
totals,25-34,2015,east_central,84
totals,25-34,2015,pacific,142
totals,25-34,2015,south,233
totals,25-34,2015,south_east,79
totals,25-34,2015,south_west,154
totals,25-34,2015,west_central,108
all_live_theater/concerts/dance-attended_last_12_months,35-44,2015,north_east,115
totals,35-44,2015,east_central,99
totals,35-44,2015,pacific,143
totals,35-44,2015,south,238
totals,35-44,2015,south_east,96
totals,35-44,2015,south_west,142
totals,35-44,2015,west_central,129
all_live_theater/concerts/dance-attended_last_12_months,45-54,2015,north_east,137
totals,45-54,2015,east_central,93
totals,45-54,2015,pacific,121
totals,45-54,2015,south,210
totals,45-54,2015,south_east,94
totals,45-54,2015,south_west,116
totals,45-54,2015,west_central,126
all_live_theater/concerts/dance-attended_last_12_months,55+,2015,north_east,144
totals,55+,2015,east_central,109
totals,55+,2015,pacific,176
totals,55+,2015,south,317
totals,55+,2015,south_east,159
totals,55+,2015,south_west,158
totals,55+,2015,west_central,157
social_media_[social_media_user],18-24,2015,north_east,43
video_game,18-24,2015,east_central,20
video_game,18-24,2015,pacific,31
video_game,18-24,2015,south,58
video_game,18-24,2015,south_east,13
video_game,18-24,2015,south_west,45
video_game,18-24,2015,west_central,25
social_media_[social_media_user],25-34,2015,north_east,86
video_game,25-34,2015,east_central,46
video_game,25-34,2015,pacific,68
video_game,25-34,2015,south,102
video_game,25-34,2015,south_east,41
video_game,25-34,2015,south_west,61
video_game,25-34,2015,west_central,47
social_media_[social_media_user],35-44,2015,north_east,99
video_game,35-44,2015,east_central,45
video_game,35-44,2015,pacific,68
video_game,35-44,2015,south,97
video_game,35-44,2015,south_east,39
video_game,35-44,2015,south_west,58
video_game,35-44,2015,west_central,76
social_media_[social_media_user],45-54,2015,north_east,122
video_game,45-54,2015,east_central,30
video_game,45-54,2015,pacific,40
video_game,45-54,2015,south,57
video_game,45-54,2015,south_east,30
video_game,45-54,2015,south_west,27
video_game,45-54,2015,west_central,50
social_media_[social_media_user],55+,2015,north_east,143
video_game,55+,2015,east_central,24
video_game,55+,2015,pacific,33
video_game,55+,2015,south,42
video_game,55+,2015,south_east,25
video_game,55+,2015,south_west,17
video_game,55+,2015,west_central,24
streaming_video,18-24,2015,east_central,31
streaming_video,18-24,2015,pacific,67
streaming_video,18-24,2015,south,114
streaming_video,18-24,2015,south_east,25
streaming_video,18-24,2015,south_west,89
streaming_video,18-24,2015,west_central,42
totals,18-24,2016,north_east,96
streaming_video,25-34,2015,east_central,62
streaming_video,25-34,2015,pacific,118
streaming_video,25-34,2015,south,178
streaming_video,25-34,2015,south_east,62
streaming_video,25-34,2015,south_west,116
streaming_video,25-34,2015,west_central,86
totals,25-34,2016,north_east,55
streaming_video,35-44,2015,east_central,67
streaming_video,35-44,2015,pacific,104
streaming_video,35-44,2015,south,182
streaming_video,35-44,2015,south_east,79
streaming_video,35-44,2015,south_west,103
streaming_video,35-44,2015,west_central,105
totals,35-44,2016,north_east,117
streaming_video,45-54,2015,east_central,70
streaming_video,45-54,2015,pacific,93
streaming_video,45-54,2015,south,158
streaming_video,45-54,2015,south_east,72
streaming_video,45-54,2015,south_west,86
streaming_video,45-54,2015,west_central,89
totals,45-54,2016,north_east,82
streaming_video,55+,2015,east_central,80
streaming_video,55+,2015,pacific,138
streaming_video,55+,2015,south,229
streaming_video,55+,2015,south_east,116
streaming_video,55+,2015,south_west,113
streaming_video,55+,2015,west_central,110
totals,55+,2016,north_east,152
tv,18-24,2015,east_central,26
tv,18-24,2015,pacific,60
tv,18-24,2015,south,112
tv,18-24,2015,south_east,27
tv,18-24,2015,south_west,85
tv,18-24,2015,west_central,45
video_game,18-24,2016,north_east,67
tv,25-34,2015,east_central,62
tv,25-34,2015,pacific,116
tv,25-34,2015,south,199
tv,25-34,2015,south_east,69
tv,25-34,2015,south_west,130
tv,25-34,2015,west_central,91
video_game,25-34,2016,north_east,30
tv,35-44,2015,east_central,87
tv,35-44,2015,pacific,126
tv,35-44,2015,south,211
tv,35-44,2015,south_east,88
tv,35-44,2015,south_west,123
tv,35-44,2015,west_central,119
video_game,35-44,2016,north_east,37
tv,45-54,2015,east_central,82
tv,45-54,2015,pacific,98
tv,45-54,2015,south,190
tv,45-54,2015,south_east,83
tv,45-54,2015,south_west,107
tv,45-54,2015,west_central,114
video_game,45-54,2016,north_east,63
tv,55+,2015,east_central,105
tv,55+,2015,pacific,160
tv,55+,2015,south,299
tv,55+,2015,south_east,151
tv,55+,2015,south_west,148
tv,55+,2015,west_central,143
video_game,55+,2016,north_east,22
magazine,18-24,2015,east_central,28
magazine,18-24,2015,pacific,65
magazine,18-24,2015,south,104
magazine,18-24,2015,south_east,28
magazine,18-24,2015,south_west,76
magazine,18-24,2015,west_central,41
streaming_video,18-24,2016,north_east,85
magazine,25-34,2015,east_central,71
magazine,25-34,2015,pacific,117
magazine,25-34,2015,south,178
magazine,25-34,2015,south_east,66
magazine,25-34,2015,south_west,112
magazine,25-34,2015,west_central,83
streaming_video,25-34,2016,north_east,48
magazine,35-44,2015,east_central,82
magazine,35-44,2015,pacific,119
magazine,35-44,2015,south,204
magazine,35-44,2015,south_east,87
magazine,35-44,2015,south_west,117
magazine,35-44,2015,west_central,116
streaming_video,35-44,2016,north_east,93
magazine,45-54,2015,east_central,82
magazine,45-54,2015,pacific,100
magazine,45-54,2015,south,182
magazine,45-54,2015,south_east,84
magazine,45-54,2015,south_west,98
magazine,45-54,2015,west_central,113
streaming_video,45-54,2016,north_east,69
magazine,55+,2015,east_central,92
magazine,55+,2015,pacific,160
magazine,55+,2015,south,291
magazine,55+,2015,south_east,144
magazine,55+,2015,south_west,147
magazine,55+,2015,west_central,144
streaming_video,55+,2016,north_east,103
digital_music,18-24,2016,north_east,96
movie_goers,18-24,2015,east_central,42
movie_goers,18-24,2015,pacific,85
movie_goers,18-24,2015,south,135
movie_goers,18-24,2015,south_east,35
movie_goers,18-24,2015,south_west,100
movie_goers,18-24,2015,west_central,52
digital_music,25-34,2016,north_east,55
movie_goers,25-34,2015,east_central,84
movie_goers,25-34,2015,pacific,142
movie_goers,25-34,2015,south,233
movie_goers,25-34,2015,south_east,79
movie_goers,25-34,2015,south_west,154
movie_goers,25-34,2015,west_central,108
digital_music,35-44,2016,north_east,117
movie_goers,35-44,2015,east_central,99
movie_goers,35-44,2015,pacific,143
movie_goers,35-44,2015,south,238
movie_goers,35-44,2015,south_east,96
movie_goers,35-44,2015,south_west,142
movie_goers,35-44,2015,west_central,129
digital_music,45-54,2016,north_east,82
movie_goers,45-54,2015,east_central,93
movie_goers,45-54,2015,pacific,121
movie_goers,45-54,2015,south,210
movie_goers,45-54,2015,south_east,94
movie_goers,45-54,2015,south_west,116
movie_goers,45-54,2015,west_central,126
digital_music,55+,2016,north_east,152
movie_goers,55+,2015,east_central,109
movie_goers,55+,2015,pacific,176
movie_goers,55+,2015,south,317
movie_goers,55+,2015,south_east,159
movie_goers,55+,2015,south_west,158
movie_goers,55+,2015,west_central,157
supermarket_goer_last_4_weeks,18-24,2015,east_central,42
supermarket_goer_last_4_weeks,18-24,2015,pacific,84
supermarket_goer_last_4_weeks,18-24,2015,south,131
supermarket_goer_last_4_weeks,18-24,2015,south_east,35
supermarket_goer_last_4_weeks,18-24,2015,south_west,96
supermarket_goer_last_4_weeks,18-24,2015,west_central,51
tv,18-24,2016,north_east,73
supermarket_goer_last_4_weeks,25-34,2015,east_central,84
supermarket_goer_last_4_weeks,25-34,2015,pacific,141
supermarket_goer_last_4_weeks,25-34,2015,south,230
supermarket_goer_last_4_weeks,25-34,2015,south_east,78
supermarket_goer_last_4_weeks,25-34,2015,south_west,152
supermarket_goer_last_4_weeks,25-34,2015,west_central,108
tv,25-34,2016,north_east,41
supermarket_goer_last_4_weeks,35-44,2015,east_central,99
supermarket_goer_last_4_weeks,35-44,2015,pacific,142
supermarket_goer_last_4_weeks,35-44,2015,south,238
supermarket_goer_last_4_weeks,35-44,2015,south_east,96
supermarket_goer_last_4_weeks,35-44,2015,south_west,142
supermarket_goer_last_4_weeks,35-44,2015,west_central,129
tv,35-44,2016,north_east,110
supermarket_goer_last_4_weeks,45-54,2015,east_central,92
supermarket_goer_last_4_weeks,45-54,2015,pacific,119
supermarket_goer_last_4_weeks,45-54,2015,south,209
supermarket_goer_last_4_weeks,45-54,2015,south_east,94
supermarket_goer_last_4_weeks,45-54,2015,south_west,115
supermarket_goer_last_4_weeks,45-54,2015,west_central,124
tv,45-54,2016,north_east,62
supermarket_goer_last_4_weeks,55+,2015,east_central,107
supermarket_goer_last_4_weeks,55+,2015,pacific,175
supermarket_goer_last_4_weeks,55+,2015,south,315
supermarket_goer_last_4_weeks,55+,2015,south_east,159
supermarket_goer_last_4_weeks,55+,2015,south_west,156
supermarket_goer_last_4_weeks,55+,2015,west_central,157
tv,55+,2016,north_east,144
radio,18-24,2016,north_east,61
tablet_owner,18-24,2015,east_central,22
tablet_owner,18-24,2015,pacific,36
tablet_owner,18-24,2015,south,56
tablet_owner,18-24,2015,south_east,17
tablet_owner,18-24,2015,south_west,39
tablet_owner,18-24,2015,west_central,21
radio,25-34,2016,north_east,41
tablet_owner,25-34,2015,east_central,50
tablet_owner,25-34,2015,pacific,87
tablet_owner,25-34,2015,south,126
tablet_owner,25-34,2015,south_east,42
tablet_owner,25-34,2015,south_west,84
tablet_owner,25-34,2015,west_central,64
radio,35-44,2016,north_east,103
tablet_owner,35-44,2015,east_central,57
tablet_owner,35-44,2015,pacific,79
tablet_owner,35-44,2015,south,134
tablet_owner,35-44,2015,south_east,57
tablet_owner,35-44,2015,south_west,77
tablet_owner,35-44,2015,west_central,81
radio,45-54,2016,north_east,57
tablet_owner,45-54,2015,east_central,47
tablet_owner,45-54,2015,pacific,78
tablet_owner,45-54,2015,south,103
tablet_owner,45-54,2015,south_east,44
tablet_owner,45-54,2015,south_west,59
tablet_owner,45-54,2015,west_central,74
radio,55+,2016,north_east,107
tablet_owner,55+,2015,east_central,47
tablet_owner,55+,2015,pacific,84
tablet_owner,55+,2015,south,132
tablet_owner,55+,2015,south_east,68
tablet_owner,55+,2015,south_west,64
tablet_owner,55+,2015,west_central,58
all_live_theater/concerts/dance-attended_last_12_months,18-24,2015,east_central,30
all_live_theater/concerts/dance-attended_last_12_months,18-24,2015,pacific,54
all_live_theater/concerts/dance-attended_last_12_months,18-24,2015,south,88
all_live_theater/concerts/dance-attended_last_12_months,18-24,2015,south_east,22
all_live_theater/concerts/dance-attended_last_12_months,18-24,2015,south_west,66
all_live_theater/concerts/dance-attended_last_12_months,18-24,2015,west_central,39
magazine,18-24,2016,north_east,73
all_live_theater/concerts/dance-attended_last_12_months,25-34,2015,east_central,63
all_live_theater/concerts/dance-attended_last_12_months,25-34,2015,pacific,94
all_live_theater/concerts/dance-attended_last_12_months,25-34,2015,south,171
all_live_theater/concerts/dance-attended_last_12_months,25-34,2015,south_east,55
all_live_theater/concerts/dance-attended_last_12_months,25-34,2015,south_west,116
all_live_theater/concerts/dance-attended_last_12_months,25-34,2015,west_central,81
magazine,25-34,2016,north_east,45
all_live_theater/concerts/dance-attended_last_12_months,35-44,2015,east_central,67
all_live_theater/concerts/dance-attended_last_12_months,35-44,2015,pacific,99
all_live_theater/concerts/dance-attended_last_12_months,35-44,2015,south,169
all_live_theater/concerts/dance-attended_last_12_months,35-44,2015,south_east,68
all_live_theater/concerts/dance-attended_last_12_months,35-44,2015,south_west,101
all_live_theater/concerts/dance-attended_last_12_months,35-44,2015,west_central,86
magazine,35-44,2016,north_east,110
all_live_theater/concerts/dance-attended_last_12_months,45-54,2015,east_central,64
all_live_theater/concerts/dance-attended_last_12_months,45-54,2015,pacific,84
all_live_theater/concerts/dance-attended_last_12_months,45-54,2015,south,146
all_live_theater/concerts/dance-attended_last_12_months,45-54,2015,south_east,58
all_live_theater/concerts/dance-attended_last_12_months,45-54,2015,south_west,88
all_live_theater/concerts/dance-attended_last_12_months,45-54,2015,west_central,75
magazine,45-54,2016,north_east,58
all_live_theater/concerts/dance-attended_last_12_months,55+,2015,east_central,71
all_live_theater/concerts/dance-attended_last_12_months,55+,2015,pacific,107
all_live_theater/concerts/dance-attended_last_12_months,55+,2015,south,198
all_live_theater/concerts/dance-attended_last_12_months,55+,2015,south_east,102
all_live_theater/concerts/dance-attended_last_12_months,55+,2015,south_west,96
all_live_theater/concerts/dance-attended_last_12_months,55+,2015,west_central,93
magazine,55+,2016,north_east,136
movie_goers,18-24,2016,north_east,96
social_media_[social_media_user],18-24,2015,east_central,41
social_media_[social_media_user],18-24,2015,pacific,81
social_media_[social_media_user],18-24,2015,south,135
social_media_[social_media_user],18-24,2015,south_east,35
social_media_[social_media_user],18-24,2015,south_west,100
social_media_[social_media_user],18-24,2015,west_central,52
movie_goers,25-34,2016,north_east,55
social_media_[social_media_user],25-34,2015,east_central,84
social_media_[social_media_user],25-34,2015,pacific,140
social_media_[social_media_user],25-34,2015,south,222
social_media_[social_media_user],25-34,2015,south_east,77
social_media_[social_media_user],25-34,2015,south_west,145
social_media_[social_media_user],25-34,2015,west_central,107
movie_goers,35-44,2016,north_east,117
social_media_[social_media_user],35-44,2015,east_central,94
social_media_[social_media_user],35-44,2015,pacific,138
social_media_[social_media_user],35-44,2015,south,230
social_media_[social_media_user],35-44,2015,south_east,94
social_media_[social_media_user],35-44,2015,south_west,136
social_media_[social_media_user],35-44,2015,west_central,123
movie_goers,45-54,2016,north_east,82
social_media_[social_media_user],45-54,2015,east_central,84
social_media_[social_media_user],45-54,2015,pacific,107
social_media_[social_media_user],45-54,2015,south,183
social_media_[social_media_user],45-54,2015,south_east,78
social_media_[social_media_user],45-54,2015,south_west,105
social_media_[social_media_user],45-54,2015,west_central,110
movie_goers,55+,2016,north_east,152
social_media_[social_media_user],55+,2015,east_central,81
social_media_[social_media_user],55+,2015,pacific,133
social_media_[social_media_user],55+,2015,south,237
social_media_[social_media_user],55+,2015,south_east,120
social_media_[social_media_user],55+,2015,south_west,117
social_media_[social_media_user],55+,2015,west_central,123
radio,18-24,2015,east_central,36
radio,18-24,2015,pacific,63
radio,18-24,2015,south,105
radio,18-24,2015,south_east,26
radio,18-24,2015,south_west,79
radio,18-24,2015,west_central,36
supermarket_goer_last_4_weeks,18-24,2016,north_east,93
radio,25-34,2015,east_central,63
radio,25-34,2015,pacific,121
radio,25-34,2015,south,202
radio,25-34,2015,south_east,70
radio,25-34,2015,south_west,132
radio,25-34,2015,west_central,81
supermarket_goer_last_4_weeks,25-34,2016,north_east,53
radio,35-44,2015,east_central,79
radio,35-44,2015,pacific,117
radio,35-44,2015,south,195
radio,35-44,2015,south_east,78
radio,35-44,2015,south_west,117
radio,35-44,2015,west_central,106
supermarket_goer_last_4_weeks,35-44,2016,north_east,115
radio,45-54,2015,east_central,73
radio,45-54,2015,pacific,93
radio,45-54,2015,south,177
radio,45-54,2015,south_east,78
radio,45-54,2015,south_west,99
radio,45-54,2015,west_central,107
supermarket_goer_last_4_weeks,45-54,2016,north_east,80
radio,55+,2015,east_central,81
radio,55+,2015,pacific,124
radio,55+,2015,south,228
radio,55+,2015,south_east,109
radio,55+,2015,south_west,119
radio,55+,2015,west_central,118
supermarket_goer_last_4_weeks,55+,2016,north_east,149
digital_music,18-24,2015,east_central,32
digital_music,18-24,2015,pacific,62
digital_music,18-24,2015,south,111
digital_music,18-24,2015,south_east,27
digital_music,18-24,2015,south_west,84
digital_music,18-24,2015,west_central,38
tablet_owner,18-24,2016,north_east,34
digital_music,25-34,2015,east_central,50
digital_music,25-34,2015,pacific,102
digital_music,25-34,2015,south,148
digital_music,25-34,2015,south_east,61
digital_music,25-34,2015,south_west,87
digital_music,25-34,2015,west_central,72
tablet_owner,25-34,2016,north_east,23
digital_music,35-44,2015,east_central,56
digital_music,35-44,2015,pacific,89
digital_music,35-44,2015,south,138
digital_music,35-44,2015,south_east,59
digital_music,35-44,2015,south_west,79
digital_music,35-44,2015,west_central,79
tablet_owner,35-44,2016,north_east,75
digital_music,45-54,2015,east_central,36
digital_music,45-54,2015,pacific,45
digital_music,45-54,2015,south,91
digital_music,45-54,2015,south_east,35
digital_music,45-54,2015,south_west,56
digital_music,45-54,2015,west_central,56
tablet_owner,45-54,2016,north_east,39
digital_music,55+,2015,east_central,21
digital_music,55+,2015,pacific,50
digital_music,55+,2015,south,93
digital_music,55+,2015,south_east,51
digital_music,55+,2015,south_west,42
digital_music,55+,2015,west_central,44
tablet_owner,55+,2016,north_east,58
all_live_theater/concerts/dance-attended_last_12_months,18-24,2016,north_east,64
totals,18-24,2016,east_central,35
totals,18-24,2016,pacific,68
totals,18-24,2016,south,120
totals,18-24,2016,south_east,46
totals,18-24,2016,south_west,74
totals,18-24,2016,west_central,67
all_live_theater/concerts/dance-attended_last_12_months,25-34,2016,north_east,40
totals,25-34,2016,east_central,79
totals,25-34,2016,pacific,107
totals,25-34,2016,south,191
totals,25-34,2016,south_east,89
totals,25-34,2016,south_west,102
totals,25-34,2016,west_central,95
all_live_theater/concerts/dance-attended_last_12_months,35-44,2016,north_east,75
totals,35-44,2016,east_central,69
totals,35-44,2016,pacific,111
totals,35-44,2016,south,199
totals,35-44,2016,south_east,94
totals,35-44,2016,south_west,105
totals,35-44,2016,west_central,89
all_live_theater/concerts/dance-attended_last_12_months,45-54,2016,north_east,46
totals,45-54,2016,east_central,102
totals,45-54,2016,pacific,108
totals,45-54,2016,south,253
totals,45-54,2016,south_east,121
totals,45-54,2016,south_west,132
totals,45-54,2016,west_central,107
all_live_theater/concerts/dance-attended_last_12_months,55+,2016,north_east,87
totals,55+,2016,east_central,150
totals,55+,2016,pacific,191
totals,55+,2016,south,362
totals,55+,2016,south_east,173
totals,55+,2016,south_west,189
totals,55+,2016,west_central,157
social_media_[social_media_user],18-24,2016,north_east,94
video_game,18-24,2016,east_central,15
video_game,18-24,2016,pacific,34
video_game,18-24,2016,south,47
video_game,18-24,2016,south_east,17
video_game,18-24,2016,south_west,30
video_game,18-24,2016,west_central,25
social_media_[social_media_user],25-34,2016,north_east,54
video_game,25-34,2016,east_central,41
video_game,25-34,2016,pacific,43
video_game,25-34,2016,south,69
video_game,25-34,2016,south_east,32
video_game,25-34,2016,south_west,37
video_game,25-34,2016,west_central,43
social_media_[social_media_user],35-44,2016,north_east,111
video_game,35-44,2016,east_central,28
video_game,35-44,2016,pacific,42
video_game,35-44,2016,south,77
video_game,35-44,2016,south_east,37
video_game,35-44,2016,south_west,40
video_game,35-44,2016,west_central,28
social_media_[social_media_user],45-54,2016,north_east,80
video_game,45-54,2016,east_central,29
video_game,45-54,2016,pacific,21
video_game,45-54,2016,south,65
video_game,45-54,2016,south_east,37
video_game,45-54,2016,south_west,28
video_game,45-54,2016,west_central,31
social_media_[social_media_user],55+,2016,north_east,104
video_game,55+,2016,east_central,27
video_game,55+,2016,pacific,22
video_game,55+,2016,south,61
video_game,55+,2016,south_east,29
video_game,55+,2016,south_west,32
video_game,55+,2016,west_central,22
streaming_video,18-24,2016,east_central,31
streaming_video,18-24,2016,pacific,60
streaming_video,18-24,2016,south,96
streaming_video,18-24,2016,south_east,35
streaming_video,18-24,2016,south_west,61
streaming_video,18-24,2016,west_central,51
totals,18-24,2017,north_east,27
streaming_video,25-34,2016,east_central,60
streaming_video,25-34,2016,pacific,91
streaming_video,25-34,2016,south,164
streaming_video,25-34,2016,south_east,78
streaming_video,25-34,2016,south_west,86
streaming_video,25-34,2016,west_central,81
totals,25-34,2017,north_east,47
streaming_video,35-44,2016,east_central,57
streaming_video,35-44,2016,pacific,91
streaming_video,35-44,2016,south,163
streaming_video,35-44,2016,south_east,72
streaming_video,35-44,2016,south_west,91
streaming_video,35-44,2016,west_central,68
totals,35-44,2017,north_east,39
streaming_video,45-54,2016,east_central,75
streaming_video,45-54,2016,pacific,77
streaming_video,45-54,2016,south,199
streaming_video,45-54,2016,south_east,92
streaming_video,45-54,2016,south_west,107
streaming_video,45-54,2016,west_central,85
totals,45-54,2017,north_east,26
streaming_video,55+,2016,east_central,108
streaming_video,55+,2016,pacific,134
streaming_video,55+,2016,south,273
streaming_video,55+,2016,south_east,130
streaming_video,55+,2016,south_west,143
streaming_video,55+,2016,west_central,114
totals,55+,2017,north_east,39
digital_music,18-24,2016,east_central,35
digital_music,18-24,2016,pacific,68
digital_music,18-24,2016,south,120
digital_music,18-24,2016,south_east,46
digital_music,18-24,2016,south_west,74
digital_music,18-24,2016,west_central,67
video_game,18-24,2017,north_east,27
digital_music,25-34,2016,east_central,79
digital_music,25-34,2016,pacific,107
digital_music,25-34,2016,south,191
digital_music,25-34,2016,south_east,89
digital_music,25-34,2016,south_west,102
digital_music,25-34,2016,west_central,95
video_game,25-34,2017,north_east,47
digital_music,35-44,2016,east_central,69
digital_music,35-44,2016,pacific,111
digital_music,35-44,2016,south,199
digital_music,35-44,2016,south_east,94
digital_music,35-44,2016,south_west,105
digital_music,35-44,2016,west_central,89
video_game,35-44,2017,north_east,36
digital_music,45-54,2016,east_central,102
digital_music,45-54,2016,pacific,108
digital_music,45-54,2016,south,253
digital_music,45-54,2016,south_east,121
digital_music,45-54,2016,south_west,132
digital_music,45-54,2016,west_central,107
video_game,45-54,2017,north_east,23
digital_music,55+,2016,east_central,150
digital_music,55+,2016,pacific,191
digital_music,55+,2016,south,362
digital_music,55+,2016,south_east,173
digital_music,55+,2016,south_west,189
digital_music,55+,2016,west_central,157
video_game,55+,2017,north_east,32
streaming_video,18-24,2017,north_east,23
tv,18-24,2016,east_central,25
tv,18-24,2016,pacific,49
tv,18-24,2016,south,92
tv,18-24,2016,south_east,30
tv,18-24,2016,south_west,62
tv,18-24,2016,west_central,52
streaming_video,25-34,2017,north_east,43
tv,25-34,2016,east_central,63
tv,25-34,2016,pacific,79
tv,25-34,2016,south,160
tv,25-34,2016,south_east,74
tv,25-34,2016,south_west,86
tv,25-34,2016,west_central,72
streaming_video,35-44,2017,north_east,35
tv,35-44,2016,east_central,60
tv,35-44,2016,pacific,96
tv,35-44,2016,south,180
tv,35-44,2016,south_east,85
tv,35-44,2016,south_west,95
tv,35-44,2016,west_central,75
streaming_video,45-54,2017,north_east,22
tv,45-54,2016,east_central,97
tv,45-54,2016,pacific,92
tv,45-54,2016,south,227
tv,45-54,2016,south_east,108
tv,45-54,2016,south_west,119
tv,45-54,2016,west_central,91
streaming_video,55+,2017,north_east,33
tv,55+,2016,east_central,142
tv,55+,2016,pacific,172
tv,55+,2016,south,341
tv,55+,2016,south_east,162
tv,55+,2016,south_west,179
tv,55+,2016,west_central,147
digital_music,18-24,2017,north_east,27
radio,18-24,2016,east_central,29
radio,18-24,2016,pacific,54
radio,18-24,2016,south,85
radio,18-24,2016,south_east,26
radio,18-24,2016,south_west,59
radio,18-24,2016,west_central,51
digital_music,25-34,2017,north_east,47
radio,25-34,2016,east_central,64
radio,25-34,2016,pacific,80
radio,25-34,2016,south,153
radio,25-34,2016,south_east,69
radio,25-34,2016,south_west,84
radio,25-34,2016,west_central,84
digital_music,35-44,2017,north_east,39
radio,35-44,2016,east_central,63
radio,35-44,2016,pacific,93
radio,35-44,2016,south,160
radio,35-44,2016,south_east,72
radio,35-44,2016,south_west,88
radio,35-44,2016,west_central,68
digital_music,45-54,2017,north_east,26
radio,45-54,2016,east_central,85
radio,45-54,2016,pacific,81
radio,45-54,2016,south,198
radio,45-54,2016,south_east,92
radio,45-54,2016,south_west,106
radio,45-54,2016,west_central,87
digital_music,55+,2017,north_east,39
radio,55+,2016,east_central,110
radio,55+,2016,pacific,129
radio,55+,2016,south,247
radio,55+,2016,south_east,115
radio,55+,2016,south_west,132
radio,55+,2016,west_central,119
magazine,18-24,2016,east_central,29
magazine,18-24,2016,pacific,51
magazine,18-24,2016,south,88
magazine,18-24,2016,south_east,37
magazine,18-24,2016,south_west,51
magazine,18-24,2016,west_central,54
tv,18-24,2017,north_east,21
magazine,25-34,2016,east_central,58
magazine,25-34,2016,pacific,82
magazine,25-34,2016,south,154
magazine,25-34,2016,south_east,72
magazine,25-34,2016,south_west,82
magazine,25-34,2016,west_central,78
tv,25-34,2017,north_east,38
magazine,35-44,2016,east_central,54
magazine,35-44,2016,pacific,97
magazine,35-44,2016,south,165
magazine,35-44,2016,south_east,76
magazine,35-44,2016,south_west,89
magazine,35-44,2016,west_central,72
tv,35-44,2017,north_east,35
magazine,45-54,2016,east_central,93
magazine,45-54,2016,pacific,93
magazine,45-54,2016,south,211
magazine,45-54,2016,south_east,102
magazine,45-54,2016,south_west,109
magazine,45-54,2016,west_central,92
tv,45-54,2017,north_east,20
magazine,55+,2016,east_central,136
magazine,55+,2016,pacific,170
magazine,55+,2016,south,322
magazine,55+,2016,south_east,158
magazine,55+,2016,south_west,164
magazine,55+,2016,west_central,148
tv,55+,2017,north_east,37
movie_goers,18-24,2016,east_central,35
movie_goers,18-24,2016,pacific,68
movie_goers,18-24,2016,south,120
movie_goers,18-24,2016,south_east,46
movie_goers,18-24,2016,south_west,74
movie_goers,18-24,2016,west_central,67
radio,18-24,2017,north_east,17
movie_goers,25-34,2016,east_central,79
movie_goers,25-34,2016,pacific,107
movie_goers,25-34,2016,south,191
movie_goers,25-34,2016,south_east,89
movie_goers,25-34,2016,south_west,102
movie_goers,25-34,2016,west_central,95
radio,25-34,2017,north_east,33
movie_goers,35-44,2016,east_central,69
movie_goers,35-44,2016,pacific,111
movie_goers,35-44,2016,south,199
movie_goers,35-44,2016,south_east,94
movie_goers,35-44,2016,south_west,105
movie_goers,35-44,2016,west_central,89
radio,35-44,2017,north_east,28
movie_goers,45-54,2016,east_central,102
movie_goers,45-54,2016,pacific,108
movie_goers,45-54,2016,south,253
movie_goers,45-54,2016,south_east,121
movie_goers,45-54,2016,south_west,132
movie_goers,45-54,2016,west_central,107
radio,45-54,2017,north_east,23
movie_goers,55+,2016,east_central,150
movie_goers,55+,2016,pacific,191
movie_goers,55+,2016,south,362
movie_goers,55+,2016,south_east,173
movie_goers,55+,2016,south_west,189
movie_goers,55+,2016,west_central,157
radio,55+,2017,north_east,28
magazine,18-24,2017,north_east,19
supermarket_goer_last_4_weeks,18-24,2016,east_central,35
supermarket_goer_last_4_weeks,18-24,2016,pacific,66
supermarket_goer_last_4_weeks,18-24,2016,south,117
supermarket_goer_last_4_weeks,18-24,2016,south_east,45
supermarket_goer_last_4_weeks,18-24,2016,south_west,72
supermarket_goer_last_4_weeks,18-24,2016,west_central,66
magazine,25-34,2017,north_east,33
supermarket_goer_last_4_weeks,25-34,2016,east_central,79
supermarket_goer_last_4_weeks,25-34,2016,pacific,106
supermarket_goer_last_4_weeks,25-34,2016,south,191
supermarket_goer_last_4_weeks,25-34,2016,south_east,89
supermarket_goer_last_4_weeks,25-34,2016,south_west,102
supermarket_goer_last_4_weeks,25-34,2016,west_central,95
magazine,35-44,2017,north_east,39
supermarket_goer_last_4_weeks,35-44,2016,east_central,69
supermarket_goer_last_4_weeks,35-44,2016,pacific,109
supermarket_goer_last_4_weeks,35-44,2016,south,198
supermarket_goer_last_4_weeks,35-44,2016,south_east,93
supermarket_goer_last_4_weeks,35-44,2016,south_west,105
supermarket_goer_last_4_weeks,35-44,2016,west_central,89
magazine,45-54,2017,north_east,23
supermarket_goer_last_4_weeks,45-54,2016,east_central,102
supermarket_goer_last_4_weeks,45-54,2016,pacific,108
supermarket_goer_last_4_weeks,45-54,2016,south,250
supermarket_goer_last_4_weeks,45-54,2016,south_east,121
supermarket_goer_last_4_weeks,45-54,2016,south_west,129
supermarket_goer_last_4_weeks,45-54,2016,west_central,107
magazine,55+,2017,north_east,34
supermarket_goer_last_4_weeks,55+,2016,east_central,147
supermarket_goer_last_4_weeks,55+,2016,pacific,187
supermarket_goer_last_4_weeks,55+,2016,south,357
supermarket_goer_last_4_weeks,55+,2016,south_east,171
supermarket_goer_last_4_weeks,55+,2016,south_west,186
supermarket_goer_last_4_weeks,55+,2016,west_central,156
movie_goers,18-24,2017,north_east,27
tablet_owner,18-24,2016,east_central,16
tablet_owner,18-24,2016,pacific,35
tablet_owner,18-24,2016,south,53
tablet_owner,18-24,2016,south_east,16
tablet_owner,18-24,2016,south_west,37
tablet_owner,18-24,2016,west_central,31
movie_goers,25-34,2017,north_east,47
tablet_owner,25-34,2016,east_central,43
tablet_owner,25-34,2016,pacific,57
tablet_owner,25-34,2016,south,112
tablet_owner,25-34,2016,south_east,52
tablet_owner,25-34,2016,south_west,60
tablet_owner,25-34,2016,west_central,60
movie_goers,35-44,2017,north_east,39
tablet_owner,35-44,2016,east_central,43
tablet_owner,35-44,2016,pacific,63
tablet_owner,35-44,2016,south,117
tablet_owner,35-44,2016,south_east,53
tablet_owner,35-44,2016,south_west,64
tablet_owner,35-44,2016,west_central,47
movie_goers,45-54,2017,north_east,26
tablet_owner,45-54,2016,east_central,56
tablet_owner,45-54,2016,pacific,59
tablet_owner,45-54,2016,south,150
tablet_owner,45-54,2016,south_east,73
tablet_owner,45-54,2016,south_west,77
tablet_owner,45-54,2016,west_central,55
movie_goers,55+,2017,north_east,39
tablet_owner,55+,2016,east_central,69
tablet_owner,55+,2016,pacific,88
tablet_owner,55+,2016,south,171
tablet_owner,55+,2016,south_east,91
tablet_owner,55+,2016,south_west,80
tablet_owner,55+,2016,west_central,78
all_live_theater/concerts/dance-attended_last_12_months,18-24,2016,east_central,23
all_live_theater/concerts/dance-attended_last_12_months,18-24,2016,pacific,42
all_live_theater/concerts/dance-attended_last_12_months,18-24,2016,south,64
all_live_theater/concerts/dance-attended_last_12_months,18-24,2016,south_east,23
all_live_theater/concerts/dance-attended_last_12_months,18-24,2016,south_west,41
all_live_theater/concerts/dance-attended_last_12_months,18-24,2016,west_central,49
supermarket_goer_last_4_weeks,18-24,2017,north_east,26
all_live_theater/concerts/dance-attended_last_12_months,25-34,2016,east_central,36
all_live_theater/concerts/dance-attended_last_12_months,25-34,2016,pacific,66
all_live_theater/concerts/dance-attended_last_12_months,25-34,2016,south,112
all_live_theater/concerts/dance-attended_last_12_months,25-34,2016,south_east,51
all_live_theater/concerts/dance-attended_last_12_months,25-34,2016,south_west,61
all_live_theater/concerts/dance-attended_last_12_months,25-34,2016,west_central,64
supermarket_goer_last_4_weeks,25-34,2017,north_east,46
all_live_theater/concerts/dance-attended_last_12_months,35-44,2016,east_central,36
all_live_theater/concerts/dance-attended_last_12_months,35-44,2016,pacific,61
all_live_theater/concerts/dance-attended_last_12_months,35-44,2016,south,96
all_live_theater/concerts/dance-attended_last_12_months,35-44,2016,south_east,42
all_live_theater/concerts/dance-attended_last_12_months,35-44,2016,south_west,54
all_live_theater/concerts/dance-attended_last_12_months,35-44,2016,west_central,42
supermarket_goer_last_4_weeks,35-44,2017,north_east,36
all_live_theater/concerts/dance-attended_last_12_months,45-54,2016,east_central,57
all_live_theater/concerts/dance-attended_last_12_months,45-54,2016,pacific,65
all_live_theater/concerts/dance-attended_last_12_months,45-54,2016,south,141
all_live_theater/concerts/dance-attended_last_12_months,45-54,2016,south_east,62
all_live_theater/concerts/dance-attended_last_12_months,45-54,2016,south_west,79
all_live_theater/concerts/dance-attended_last_12_months,45-54,2016,west_central,54
supermarket_goer_last_4_weeks,45-54,2017,north_east,26
all_live_theater/concerts/dance-attended_last_12_months,55+,2016,east_central,68
all_live_theater/concerts/dance-attended_last_12_months,55+,2016,pacific,110
all_live_theater/concerts/dance-attended_last_12_months,55+,2016,south,171
all_live_theater/concerts/dance-attended_last_12_months,55+,2016,south_east,80
all_live_theater/concerts/dance-attended_last_12_months,55+,2016,south_west,91
all_live_theater/concerts/dance-attended_last_12_months,55+,2016,west_central,74
supermarket_goer_last_4_weeks,55+,2017,north_east,39
social_media_[social_media_user],18-24,2016,east_central,35
social_media_[social_media_user],18-24,2016,pacific,67
social_media_[social_media_user],18-24,2016,south,118
social_media_[social_media_user],18-24,2016,south_east,46
social_media_[social_media_user],18-24,2016,south_west,72
social_media_[social_media_user],18-24,2016,west_central,67
tablet_owner,18-24,2017,north_east,13
social_media_[social_media_user],25-34,2016,east_central,79
social_media_[social_media_user],25-34,2016,pacific,106
social_media_[social_media_user],25-34,2016,south,188
social_media_[social_media_user],25-34,2016,south_east,88
social_media_[social_media_user],25-34,2016,south_west,100
social_media_[social_media_user],25-34,2016,west_central,95
tablet_owner,25-34,2017,north_east,25
social_media_[social_media_user],35-44,2016,east_central,67
social_media_[social_media_user],35-44,2016,pacific,108
social_media_[social_media_user],35-44,2016,south,196
social_media_[social_media_user],35-44,2016,south_east,94
social_media_[social_media_user],35-44,2016,south_west,102
social_media_[social_media_user],35-44,2016,west_central,87
tablet_owner,35-44,2017,north_east,26
social_media_[social_media_user],45-54,2016,east_central,93
social_media_[social_media_user],45-54,2016,pacific,102
social_media_[social_media_user],45-54,2016,south,232
social_media_[social_media_user],45-54,2016,south_east,116
social_media_[social_media_user],45-54,2016,south_west,116
social_media_[social_media_user],45-54,2016,west_central,95
tablet_owner,45-54,2017,north_east,14
social_media_[social_media_user],55+,2016,east_central,114
social_media_[social_media_user],55+,2016,pacific,148
social_media_[social_media_user],55+,2016,south,282
social_media_[social_media_user],55+,2016,south_east,138
social_media_[social_media_user],55+,2016,south_west,144
social_media_[social_media_user],55+,2016,west_central,115
tablet_owner,55+,2017,north_east,24
all_live_theater/concerts/dance-attended_last_12_months,18-24,2017,north_east,15
totals,18-24,2017,east_central,7
totals,18-24,2017,south,40
totals,18-24,2017,west_central,13
video_game,18-24,2017,pacific,24
video_game,18-24,2017,south_east,17
video_game,18-24,2017,south_west,23
all_live_theater/concerts/dance-attended_last_12_months,25-34,2017,north_east,31
totals,25-34,2017,east_central,29
totals,25-34,2017,south,88
totals,25-34,2017,west_central,24
video_game,25-34,2017,pacific,30
video_game,25-34,2017,south_east,35
video_game,25-34,2017,south_west,46
all_live_theater/concerts/dance-attended_last_12_months,35-44,2017,north_east,22
totals,35-44,2017,east_central,25
totals,35-44,2017,south,73
totals,35-44,2017,west_central,38
video_game,35-44,2017,pacific,51
video_game,35-44,2017,south_east,33
video_game,35-44,2017,south_west,32
all_live_theater/concerts/dance-attended_last_12_months,45-54,2017,north_east,17
totals,45-54,2017,east_central,18
totals,45-54,2017,south,65
totals,45-54,2017,west_central,26
video_game,45-54,2017,pacific,25
video_game,45-54,2017,south_east,28
video_game,45-54,2017,south_west,28
all_live_theater/concerts/dance-attended_last_12_months,55+,2017,north_east,18
totals,55+,2017,east_central,16
totals,55+,2017,south,69
totals,55+,2017,west_central,25
video_game,55+,2017,pacific,18
video_game,55+,2017,south_east,23
video_game,55+,2017,south_west,24
social_media_[social_media_user],18-24,2017,north_east,27
streaming_video,18-24,2017,pacific,23
streaming_video,18-24,2017,south_east,16
streaming_video,18-24,2017,south_west,21
video_game,18-24,2017,east_central,6
video_game,18-24,2017,south,40
video_game,18-24,2017,west_central,13
social_media_[social_media_user],25-34,2017,north_east,46
streaming_video,25-34,2017,pacific,30
streaming_video,25-34,2017,south_east,34
streaming_video,25-34,2017,south_west,49
video_game,25-34,2017,east_central,26
video_game,25-34,2017,south,81
video_game,25-34,2017,west_central,23
social_media_[social_media_user],35-44,2017,north_east,36
streaming_video,35-44,2017,pacific,52
streaming_video,35-44,2017,south_east,33
streaming_video,35-44,2017,south_west,28
video_game,35-44,2017,east_central,25
video_game,35-44,2017,south,65
video_game,35-44,2017,west_central,36
social_media_[social_media_user],45-54,2017,north_east,26
streaming_video,45-54,2017,pacific,27
streaming_video,45-54,2017,south_east,24
streaming_video,45-54,2017,south_west,29
video_game,45-54,2017,east_central,17
video_game,45-54,2017,south,56
video_game,45-54,2017,west_central,20
social_media_[social_media_user],55+,2017,north_east,34
streaming_video,55+,2017,pacific,22
streaming_video,55+,2017,south_east,24
streaming_video,55+,2017,south_west,30
video_game,55+,2017,east_central,13
video_game,55+,2017,south,47
video_game,55+,2017,west_central,18
digital_music,18-24,2017,pacific,26
digital_music,18-24,2017,south_east,17
digital_music,18-24,2017,south_west,23
streaming_video,18-24,2017,east_central,7
streaming_video,18-24,2017,south,37
streaming_video,18-24,2017,west_central,12
digital_music,25-34,2017,pacific,33
digital_music,25-34,2017,south_east,36
digital_music,25-34,2017,south_west,52
streaming_video,25-34,2017,east_central,26
streaming_video,25-34,2017,south,83
streaming_video,25-34,2017,west_central,23
digital_music,35-44,2017,pacific,54
digital_music,35-44,2017,south_east,37
digital_music,35-44,2017,south_west,36
streaming_video,35-44,2017,east_central,21
streaming_video,35-44,2017,south,61
streaming_video,35-44,2017,west_central,31
digital_music,45-54,2017,pacific,29
digital_music,45-54,2017,south_east,31
digital_music,45-54,2017,south_west,34
streaming_video,45-54,2017,east_central,15
streaming_video,45-54,2017,south,53
streaming_video,45-54,2017,west_central,20
digital_music,55+,2017,pacific,27
digital_music,55+,2017,south_east,30
digital_music,55+,2017,south_west,39
streaming_video,55+,2017,east_central,13
streaming_video,55+,2017,south,54
streaming_video,55+,2017,west_central,17
digital_music,18-24,2017,east_central,7
digital_music,18-24,2017,south,40
digital_music,18-24,2017,west_central,13
tv,18-24,2017,pacific,21
tv,18-24,2017,south_east,13
tv,18-24,2017,south_west,15
digital_music,25-34,2017,east_central,29
digital_music,25-34,2017,south,88
digital_music,25-34,2017,west_central,24
tv,25-34,2017,pacific,27
tv,25-34,2017,south_east,31
tv,25-34,2017,south_west,42
digital_music,35-44,2017,east_central,25
digital_music,35-44,2017,south,73
digital_music,35-44,2017,west_central,38
tv,35-44,2017,pacific,46
tv,35-44,2017,south_east,32
tv,35-44,2017,south_west,28
digital_music,45-54,2017,east_central,18
digital_music,45-54,2017,south,65
digital_music,45-54,2017,west_central,26
tv,45-54,2017,pacific,27
tv,45-54,2017,south_east,25
tv,45-54,2017,south_west,29
digital_music,55+,2017,east_central,16
digital_music,55+,2017,south,69
digital_music,55+,2017,west_central,25
tv,55+,2017,pacific,24
tv,55+,2017,south_east,28
tv,55+,2017,south_west,37
radio,18-24,2017,pacific,13
radio,18-24,2017,south_east,13
radio,18-24,2017,south_west,19
tv,18-24,2017,east_central,6
tv,18-24,2017,south,28
tv,18-24,2017,west_central,11
radio,25-34,2017,pacific,27
radio,25-34,2017,south_east,26
radio,25-34,2017,south_west,37
tv,25-34,2017,east_central,18
tv,25-34,2017,south,73
tv,25-34,2017,west_central,16
radio,35-44,2017,pacific,46
radio,35-44,2017,south_east,29
radio,35-44,2017,south_west,31
tv,35-44,2017,east_central,23
tv,35-44,2017,south,60
tv,35-44,2017,west_central,34
radio,45-54,2017,pacific,24
radio,45-54,2017,south_east,26
radio,45-54,2017,south_west,28
tv,45-54,2017,east_central,17
tv,45-54,2017,south,54
tv,45-54,2017,west_central,22
radio,55+,2017,pacific,23
radio,55+,2017,south_east,21
radio,55+,2017,south_west,33
tv,55+,2017,east_central,15
tv,55+,2017,south,65
tv,55+,2017,west_central,24
magazine,18-24,2017,pacific,21
magazine,18-24,2017,south_east,13
magazine,18-24,2017,south_west,15
radio,18-24,2017,east_central,5
radio,18-24,2017,south,32
radio,18-24,2017,west_central,8
magazine,25-34,2017,pacific,23
magazine,25-34,2017,south_east,30
magazine,25-34,2017,south_west,34
radio,25-34,2017,east_central,25
radio,25-34,2017,south,63
radio,25-34,2017,west_central,17
magazine,35-44,2017,pacific,43
magazine,35-44,2017,south_east,32
magazine,35-44,2017,south_west,24
radio,35-44,2017,east_central,20
radio,35-44,2017,south,60
radio,35-44,2017,west_central,30
magazine,45-54,2017,pacific,25
magazine,45-54,2017,south_east,23
magazine,45-54,2017,south_west,30
radio,45-54,2017,east_central,14
radio,45-54,2017,south,54
radio,45-54,2017,west_central,24
magazine,55+,2017,pacific,23
magazine,55+,2017,south_east,27
magazine,55+,2017,south_west,37
radio,55+,2017,east_central,15
radio,55+,2017,south,54
radio,55+,2017,west_central,19
magazine,18-24,2017,east_central,6
magazine,18-24,2017,south,28
magazine,18-24,2017,west_central,10
movie_goers,18-24,2017,pacific,26
movie_goers,18-24,2017,south_east,17
movie_goers,18-24,2017,south_west,23
magazine,25-34,2017,east_central,21
magazine,25-34,2017,south,64
magazine,25-34,2017,west_central,19
movie_goers,25-34,2017,pacific,33
movie_goers,25-34,2017,south_east,36
movie_goers,25-34,2017,south_west,52
magazine,35-44,2017,east_central,23
magazine,35-44,2017,south,56
magazine,35-44,2017,west_central,31
movie_goers,35-44,2017,pacific,54
movie_goers,35-44,2017,south_east,37
movie_goers,35-44,2017,south_west,36
magazine,45-54,2017,east_central,16
magazine,45-54,2017,south,53
magazine,45-54,2017,west_central,24
movie_goers,45-54,2017,pacific,29
movie_goers,45-54,2017,south_east,31
movie_goers,45-54,2017,south_west,34
magazine,55+,2017,east_central,14
magazine,55+,2017,south,64
magazine,55+,2017,west_central,24
movie_goers,55+,2017,pacific,27
movie_goers,55+,2017,south_east,30
movie_goers,55+,2017,south_west,39
movie_goers,18-24,2017,east_central,7
movie_goers,18-24,2017,south,40
movie_goers,18-24,2017,west_central,13
supermarket_goer_last_4_weeks,18-24,2017,pacific,25
supermarket_goer_last_4_weeks,18-24,2017,south_east,16
supermarket_goer_last_4_weeks,18-24,2017,south_west,22
movie_goers,25-34,2017,east_central,29
movie_goers,25-34,2017,south,88
movie_goers,25-34,2017,west_central,24
supermarket_goer_last_4_weeks,25-34,2017,pacific,32
supermarket_goer_last_4_weeks,25-34,2017,south_east,35
supermarket_goer_last_4_weeks,25-34,2017,south_west,52
movie_goers,35-44,2017,east_central,25
movie_goers,35-44,2017,south,73
movie_goers,35-44,2017,west_central,38
supermarket_goer_last_4_weeks,35-44,2017,pacific,53
supermarket_goer_last_4_weeks,35-44,2017,south_east,36
supermarket_goer_last_4_weeks,35-44,2017,south_west,36
movie_goers,45-54,2017,east_central,18
movie_goers,45-54,2017,south,65
movie_goers,45-54,2017,west_central,26
supermarket_goer_last_4_weeks,45-54,2017,pacific,29
supermarket_goer_last_4_weeks,45-54,2017,south_east,31
supermarket_goer_last_4_weeks,45-54,2017,south_west,33
movie_goers,55+,2017,east_central,16
movie_goers,55+,2017,south,69
movie_goers,55+,2017,west_central,25
supermarket_goer_last_4_weeks,55+,2017,pacific,26
supermarket_goer_last_4_weeks,55+,2017,south_east,29
supermarket_goer_last_4_weeks,55+,2017,south_west,36
supermarket_goer_last_4_weeks,18-24,2017,east_central,7
supermarket_goer_last_4_weeks,18-24,2017,south,38
supermarket_goer_last_4_weeks,18-24,2017,west_central,13
tablet_owner,18-24,2017,pacific,7
tablet_owner,18-24,2017,south_east,10
tablet_owner,18-24,2017,south_west,13
supermarket_goer_last_4_weeks,25-34,2017,east_central,28
supermarket_goer_last_4_weeks,25-34,2017,south,87
supermarket_goer_last_4_weeks,25-34,2017,west_central,24
tablet_owner,25-34,2017,pacific,21
tablet_owner,25-34,2017,south_east,22
tablet_owner,25-34,2017,south_west,36
supermarket_goer_last_4_weeks,35-44,2017,east_central,25
supermarket_goer_last_4_weeks,35-44,2017,south,72
supermarket_goer_last_4_weeks,35-44,2017,west_central,37
tablet_owner,35-44,2017,pacific,39
tablet_owner,35-44,2017,south_east,26
tablet_owner,35-44,2017,south_west,25
supermarket_goer_last_4_weeks,45-54,2017,east_central,17
supermarket_goer_last_4_weeks,45-54,2017,south,64
supermarket_goer_last_4_weeks,45-54,2017,west_central,26
tablet_owner,45-54,2017,pacific,23
tablet_owner,45-54,2017,south_east,22
tablet_owner,45-54,2017,south_west,23
supermarket_goer_last_4_weeks,55+,2017,east_central,16
supermarket_goer_last_4_weeks,55+,2017,south,65
supermarket_goer_last_4_weeks,55+,2017,west_central,25
tablet_owner,55+,2017,pacific,19
tablet_owner,55+,2017,south_east,23
tablet_owner,55+,2017,south_west,14
all_live_theater/concerts/dance-attended_last_12_months,18-24,2017,pacific,19
all_live_theater/concerts/dance-attended_last_12_months,18-24,2017,south_east,10
all_live_theater/concerts/dance-attended_last_12_months,18-24,2017,south_west,13
tablet_owner,18-24,2017,east_central,2
tablet_owner,18-24,2017,south,23
tablet_owner,18-24,2017,west_central,7
all_live_theater/concerts/dance-attended_last_12_months,25-34,2017,pacific,18
all_live_theater/concerts/dance-attended_last_12_months,25-34,2017,south_east,16
all_live_theater/concerts/dance-attended_last_12_months,25-34,2017,south_west,28
tablet_owner,25-34,2017,east_central,17
tablet_owner,25-34,2017,south,58
tablet_owner,25-34,2017,west_central,15
all_live_theater/concerts/dance-attended_last_12_months,35-44,2017,pacific,33
all_live_theater/concerts/dance-attended_last_12_months,35-44,2017,south_east,21
all_live_theater/concerts/dance-attended_last_12_months,35-44,2017,south_west,19
tablet_owner,35-44,2017,east_central,20
tablet_owner,35-44,2017,south,51
tablet_owner,35-44,2017,west_central,30
all_live_theater/concerts/dance-attended_last_12_months,45-54,2017,pacific,17
all_live_theater/concerts/dance-attended_last_12_months,45-54,2017,south_east,16
all_live_theater/concerts/dance-attended_last_12_months,45-54,2017,south_west,17
tablet_owner,45-54,2017,east_central,11
tablet_owner,45-54,2017,south,45
tablet_owner,45-54,2017,west_central,17
all_live_theater/concerts/dance-attended_last_12_months,55+,2017,pacific,15
all_live_theater/concerts/dance-attended_last_12_months,55+,2017,south_east,17
all_live_theater/concerts/dance-attended_last_12_months,55+,2017,south_west,14
tablet_owner,55+,2017,east_central,13
tablet_owner,55+,2017,south,37
tablet_owner,55+,2017,west_central,16
all_live_theater/concerts/dance-attended_last_12_months,18-24,2017,east_central,5
all_live_theater/concerts/dance-attended_last_12_months,18-24,2017,south,23
all_live_theater/concerts/dance-attended_last_12_months,18-24,2017,west_central,5
social_media_[social_media_user],18-24,2017,pacific,26
social_media_[social_media_user],18-24,2017,south_east,16
social_media_[social_media_user],18-24,2017,south_west,23
all_live_theater/concerts/dance-attended_last_12_months,25-34,2017,east_central,14
all_live_theater/concerts/dance-attended_last_12_months,25-34,2017,south,44
all_live_theater/concerts/dance-attended_last_12_months,25-34,2017,west_central,17
social_media_[social_media_user],25-34,2017,pacific,33
social_media_[social_media_user],25-34,2017,south_east,36
social_media_[social_media_user],25-34,2017,south_west,52
all_live_theater/concerts/dance-attended_last_12_months,35-44,2017,east_central,14
all_live_theater/concerts/dance-attended_last_12_months,35-44,2017,south,40
all_live_theater/concerts/dance-attended_last_12_months,35-44,2017,west_central,23
social_media_[social_media_user],35-44,2017,pacific,53
social_media_[social_media_user],35-44,2017,south_east,37
social_media_[social_media_user],35-44,2017,south_west,35
all_live_theater/concerts/dance-attended_last_12_months,45-54,2017,east_central,9
all_live_theater/concerts/dance-attended_last_12_months,45-54,2017,south,33
all_live_theater/concerts/dance-attended_last_12_months,45-54,2017,west_central,17
social_media_[social_media_user],45-54,2017,pacific,28
social_media_[social_media_user],45-54,2017,south_east,29
social_media_[social_media_user],45-54,2017,south_west,32
all_live_theater/concerts/dance-attended_last_12_months,55+,2017,east_central,8
all_live_theater/concerts/dance-attended_last_12_months,55+,2017,south,31
all_live_theater/concerts/dance-attended_last_12_months,55+,2017,west_central,14
social_media_[social_media_user],55+,2017,pacific,26
social_media_[social_media_user],55+,2017,south_east,29
social_media_[social_media_user],55+,2017,south_west,33
social_media_[social_media_user],18-24,2017,east_central,7
social_media_[social_media_user],18-24,2017,south,39
social_media_[social_media_user],18-24,2017,west_central,13
social_media_[social_media_user],25-34,2017,east_central,29
social_media_[social_media_user],25-34,2017,south,88
social_media_[social_media_user],25-34,2017,west_central,24
social_media_[social_media_user],35-44,2017,east_central,25
social_media_[social_media_user],35-44,2017,south,72
social_media_[social_media_user],35-44,2017,west_central,38
social_media_[social_media_user],45-54,2017,east_central,17
social_media_[social_media_user],45-54,2017,south,61
social_media_[social_media_user],45-54,2017,west_central,24
social_media_[social_media_user],55+,2017,east_central,14
social_media_[social_media_user],55+,2017,south,62
social_media_[social_media_user],55+,2017,west_central,21
